SMG: Lower Damage; Many Bullets; Innate Extra Attack,,,,,,
Tediore (Action throw weapon (20/60) & clip for 1d2/bullet Damage; w/ action reload),Dahl (Single Attack roll for every 2 shots),Bandit (Clip Size +2),Hyperion (+1 on subsequent attack rolls),Maliwan (Damage is of Chromatic element of user's choosing on pickup),,
Bladed (+1d4 Melee Damage),Deft (+1 to subsequent attack rolls),Stopping (+1 to damage rolls),Flying (BA Extra Attack),Stoic (+10/+30 range),Skirmish (First attack after reload gains +1 to attack and damage),
1d4,1d6,1d6,1d8,1d10,2d6,2d8
20/60 ft.,40/120 ft.,50/150 ft.,60/180 ft.,80/240 ft.,90/270 ft.,120/360 ft.
4,6,7,8,8,10,14
Action,Action,Action,Bonus Action,Bonus Action,Bonus Action,Free Action
3,2,1,1,1,1,0
-2,-1,0,0,0,1,2
