Rifle: High Range; Working Man's Gun with BA Extra Attack,,,,,,
Jakobs (Expanded Crit Range 1),Torgue (Attack is made on main target and one other target within 5ft of main target),Dahl (BA +2 to damage rolls),Bandit (Clip Size +10),Vladof (Innate Extra Attack),,
Breach (+1d4 Melee Damage),Attack (+prof bonus Damage; -1 to hit),Feral (BA Extra attack; +1 damage),Deep (BA Extra attack; +30/+90 range),Patrol (+1 accuracy; 1/combat free action reload),Onslaught (Clip Size +2),Scout (+2 Accuracy)
1d6,1d8,1d10,2d6,2d8,2d10,3d8
50/150 ft.,80/240 ft.,100/300 ft.,120/360 ft.,160/480 ft.,200/600 ft.,300/900 ft.
3,4,6,6,7,8,12
Action,Action,Action,Bonus Action,Bonus Action,Bonus Action,Free Action
3,2,2,1,1,1,0
-2,-1,0,0,0,1,2
